mbid,title,tempo,danceability,key,scale,gender
07166f85-b336-442a-a326-4b85d36c3db8,Drive,87.9330291748,1.40685284138,A#,minor,0.932707309723
a1d68a04-b2e6-4607-8978-673d36ff4b34,Beedio Call,172.265274048,1.41112041473,D#,minor,0.946038901806
b0415cdb-3c3c-4445-b4cd-126a33a3edc4,Big Scene,150.395828247,1.03479421139,G#,minor,0.896186709404
b4a0bc86-c681-465c-b5b0-1c069272416f,Future,90.05418396,1.19853150845,F,minor,0.810392618179
f638cbed-f3a4-449d-8b43-ff105b118060,High End,163.906280518,1.28397417068,F,major,0.885863304138
7439ffbe-edcb-4f73-9f21-da1a70bdc7d7,Pyar,105.971984863,1.34023654461,F,major,0.859771966934
b6eb2288-38bd-4fc6-946a-b26605540712,Pain,163.890335083,0.986508369446,G#,minor,0.891740202904
ea560e1d-f48c-46f3-9c8e-c763cd629d26,Offline,95.0568008423,1.2176322937,C#,major,0.8403647542
8085c3f8-ebfb-4a53-9829-fdb1884695c7,Weekend,150.194213867,0.937521517277,A#,minor,0.86263448
8e64f532-b75a-4716-bb8e-884fc8b412b5,Sorry,101.005783081,1.48830091953,A#,minor,0.925096273422
e0a44ce9-2b60-4860-914a-711f31ccc508,Sauda Khara Khara,144.721343994,1.06933438778,F,major,0.89636027813
